group,n,positive_rate,recall,fpr,precision,selection_rate,roc_auc,low_confidence
0,1187,0.2325189553496209,0.8405797101449275,0.3358946212952799,0.4312267657992565,0.45324347093513057,0.8487786156318109,False
1,222,0.44144144144144143,0.9591836734693877,0.5967741935483871,0.5595238095238095,0.7567567567567568,0.7902814351547071,False
