group,n,positive_rate,recall,fpr,precision,selection_rate,roc_auc,low_confidence
No,736,0.33695652173913043,0.907258064516129,0.5081967213114754,0.47568710359408034,0.6426630434782609,0.8198043363299842,False
Yes,673,0.18722139673105498,0.8333333333333334,0.2943327239488117,0.39473684210526316,0.3952451708766716,0.8461158991323525,False
