feature,n_groups,recall_min,recall_max,recall_gap,fpr_min,fpr_max,fpr_gap
gender,2,0.7979274611398963,0.8342541436464088,0.0363266825065125,0.31781376518218624,0.3364140480591497,0.01860028287696347
