feature,n_groups,recall_min,recall_max,recall_gap,fpr_min,fpr_max,fpr_gap
gender,2,0.8601036269430051,0.8839779005524862,0.023874273609481023,0.3562753036437247,0.37707948243992606,0.02080417879620139
SeniorCitizen,2,0.8405797101449275,0.9591836734693877,0.11860396332446022,0.3358946212952799,0.5967741935483871,0.2608795722531072
Partner,2,0.8253968253968254,0.8951612903225806,0.06976446492575528,0.27056672760511885,0.47540983606557374,0.2048431084604549
Dependents,2,0.7887323943661971,0.8910891089108911,0.10235671454469397,0.19166666666666668,0.46074074074074073,0.269074074074074
