group,n,positive_rate,recall,fpr,precision,selection_rate,roc_auc,low_confidence
Female,687,0.28093158660844253,0.7979274611398963,0.31781376518218624,0.49517684887459806,0.45269286754002913,0.8245998615510478,False
Male,722,0.25069252077562326,0.8342541436464088,0.3364140480591497,0.45345345345345345,0.46121883656509693,0.846325098804138,False
