group,n,positive_rate,recall,fpr,precision,selection_rate,roc_auc,low_confidence
No,978,0.3098159509202454,0.9108910891089109,0.4918518518518519,0.45394736842105265,0.621676891615542,0.8267986798679868,False
Yes,431,0.16473317865429235,0.7605633802816901,0.21388888888888888,0.4122137404580153,0.3039443155452436,0.8517214397496088,False
