model,pr_auc_mean,pr_auc_std,roc_auc_mean,roc_auc_std,brier_mean,brier_std,fit_time_mean
xgboost,0.54753573448584,0.00028402829518237027,0.782096879488184,0.013458676067371667,0.18554023653268814,0.00022736936807632446,0.5922097999136895
dummy,0.264651321269024,0.0013061255394866411,0.5,0.0,0.19461611731135853,0.0006147898399499474,0.17772909998893738
