{
  "threshold": 0.208955223880597,
  "fn_cost": 5.0,
  "fp_cost": 1.0,
  "cost_ratio": "5:1",
  "f1_threshold": 0.3034825870646766,
  "calibration_method": "uncalibrated"
}