{
  "learning_rate": 0.7664139401475878,
  "gamma": 0.11851006051955018,
  "min_child_weight": 0.027983581404421767,
  "colsample_bytree": 0.024408815787316726,
  "max_depth": 0.022665292792582923,
  "subsample": 0.016569262538282434,
  "n_estimators": 0.010843525338808523,
  "reg_lambda": 0.010211999148152164,
  "reg_alpha": 0.002393522323297471
}