{
  "reg_lambda": 0.21984089358011452,
  "learning_rate": 0.16310761432726542,
  "max_depth": 0.12178657522744951,
  "n_estimators": 0.11991443389262656,
  "gamma": 0.11504386132817562,
  "min_child_weight": 0.103023098454956,
  "colsample_bytree": 0.05750087574843558,
  "reg_alpha": 0.05058966987588612,
  "subsample": 0.04919297756509068
}