{
  "colsample_bytree": 0.21060903957962224,
  "n_estimators": 0.1486391751148731,
  "reg_alpha": 0.14496644177359017,
  "subsample": 0.1150439409696611,
  "learning_rate": 0.10628864469699817,
  "gamma": 0.08018328346636971,
  "reg_lambda": 0.07071398797604501,
  "min_child_weight": 0.07060313509876591,
  "max_depth": 0.05295235132407443
}