{
  "reg_alpha": 0.18436666166293014,
  "reg_lambda": 0.16377220914496257,
  "learning_rate": 0.11299805325960817,
  "colsample_bytree": 0.11064359909312978,
  "gamma": 0.10650841168419461,
  "n_estimators": 0.10073351922184898,
  "min_child_weight": 0.09958235076687309,
  "subsample": 0.08735111700102943,
  "max_depth": 0.03404407816542328
}