{
  "reg_alpha": 0.16298952870176794,
  "learning_rate": 0.16005019856592867,
  "n_estimators": 0.13319372344088592,
  "min_child_weight": 0.132553771627012,
  "gamma": 0.12367954496812626,
  "colsample_bytree": 0.11886924427405444,
  "max_depth": 0.08344861166189572,
  "subsample": 0.05286376549712405,
  "reg_lambda": 0.03235161126320494
}