{
  "learning_rate": 0.7344543610245213,
  "gamma": 0.14257929895792978,
  "max_depth": 0.03248721491455931,
  "min_child_weight": 0.027434621077288293,
  "colsample_bytree": 0.018364322459049426,
  "reg_lambda": 0.016629187558548135,
  "n_estimators": 0.013960913749131745,
  "reg_alpha": 0.00901625790585571,
  "subsample": 0.0050738223531162675
}